английский,русский,entrepreneurial,предпринимательский
английский,русский,nip,щипок
английский,русский,condescension,снисходительность
английский,русский,seemingly,по-видимому
русский,русский,мере,мере
английский,русский,convoluted,извилистый
английский,русский,repercussions,последствия
английский,русский,unbridled,разнузданный
английский,русский,sanity,вменяемость
английский,русский,perpetuates,увековечивает
английский,русский,exalts,возвышает
английский,русский,Ostensibly,Как будто бы
английский,русский,lament,стенать
английский,русский,elusive,неуловимый
английский,русский,sexagesimal,шестидесятеричный
английский,русский,crops,культуры
английский,русский,"harvest,","урожай,"
английский,русский,"commerce,","коммерции,"
английский,русский,ostensibly,как будто бы
английский,русский,impede,препятствующие
английский,русский,obscured.,затемняется.
английский,русский,overstated.,завышена.
английский,русский,falcons,соколы
английский,русский,craggy,скалистый
английский,русский,soar,витать
английский,русский,bluffs,обрывы
английский,русский,Otters,Выдры
английский,русский,propel,передвижение
английский,русский,kelp,ламинария
английский,русский,eelgrass,зостера
английский,русский,secluded,уединенный
английский,русский,congregation,конгрегация
английский,русский,glimpse,проблеск
английский,русский,orcas,касатки
английский,русский,jade,нефрит
английский,русский,slack,травить
английский,русский,cognizant,осведомленный
английский,русский,squander,разбазаривать
английский,русский,dispiriting.,удручающим.
английский,русский,wealthy,состоятельный
английский,русский,deprivation,лишение
английский,русский,clobbering,затирания
английский,русский,paws.,Лапы.
английский,русский,plunged.,погрузился.
английский,русский,exemplary,образцовый
английский,русский,equate,приравнивать
английский,русский,cumbersome.,громоздкий.
английский,русский,warp,деформироваться
английский,русский,haphazardly,наудачу
английский,русский,deliberately,сознательно
английский,русский,scrutinize,тщательно исследовать
английский,русский,"filched,","сперли,"
английский,русский,exacerbated,обостряется
английский,русский,insidious,коварный
английский,русский,appliances,бытовая техника
английский,русский,septic,септический
английский,русский,felled,срубленных
английский,русский,cedar,кедр
английский,русский,excavating,экскаватор
английский,русский,retrofitted,модернизированы
английский,русский,"unreinforced,","неармированные,"
английский,русский,demolition,снос
английский,русский,crumbling,рушатся
английский,русский,outbuilding,флигель
английский,русский,rafters,стропила
английский,русский,tear down,срывать
английский,русский,incredulously,недоверчиво
английский,русский,narrative,повествовательный
английский,русский,unglamorous.,непопулярный.
английский,русский,clogged,засоренный
английский,русский,intrinsic,свойственный
английский,русский,flourish.,процветать.
английский,русский,irritated,раздраженный
английский,русский,thwart,пресекать
английский,русский,"deposited,","депонированный,"
английский,русский,cranky,капризный
английский,русский,grouchy,ворчливый
английский,русский,crop up,возникать
английский,русский,relentless,неослабевающий
английский,русский,delinquent,правонарушитель
английский,русский,omission,упущение
английский,русский,notwithstanding,несмотря на
английский,русский,irrevocable,безотзывный
английский,русский,assert,утверждают
английский,русский,object to,Возражать
английский,русский,discretion,осмотрительность
английский,русский,commencement,начало
английский,русский,foregoing,вышеупомянутый
английский,русский,to the contrary,иначе
английский,русский,imply,подразумевать
английский,русский,deemed,наносящими
английский,русский,deem,Дим
английский,русский,conceive,зачать
английский,русский,inception,начало
английский,русский,therein,в нем
английский,русский,thereto,к этому
английский,русский,conduct,провести
английский,русский,liability,ответственность
английский,русский,conform,соответствовать
английский,русский,workmanlike,искусный
английский,русский,cunning,хитрость
английский,русский,disclaim,Отказ от ответственности
английский,русский,statute,статут
английский,русский,merchant,торговец
английский,русский,infringe,ущемлять
английский,русский,indemnity,контрибуция
английский,русский,pursuant,в соответствии
английский,русский,consent,согласие
английский,русский,juggernaut,Джаггернаут
английский,русский,indemnification,возмещение убытков
английский,русский,indemnify,возмещать
английский,русский,litigation,судебный процесс
английский,русский,contest,конкурс
английский,русский,substantially,по существу
английский,русский,punitive,карательный
английский,русский,consequential,логически вытекающий
английский,русский,bankruptcy,банкротство
английский,русский,insolvency,неплатежеспособность
английский,русский,receiverships,внешнее управление
английский,русский,survival,выживание
английский,русский,enforcement,правоприменение
английский,русский,merchantability,товарность
английский,русский,flare,вспышка
английский,русский,hygiene,гигиена
английский,русский,clause,пункт
английский,русский,promulgated,Обнародован
английский,русский,proliferation,пролиферация
английский,русский,lender,кредитор
английский,русский,trespassing,нарушение
английский,русский,superseded,вытеснены
английский,русский,contingent,контингент
английский,русский,venture,предприятие
английский,русский,grievances,жалобы
английский,русский,venue,место встречи
английский,русский,fork out,раскошелиться
английский,русский,cohesive,сплоченной
английский,русский,diminish,уменьшаются
английский,русский,detrimental,вредный
английский,русский,expedite,СРОЧНАЯ
английский,русский,stem,стебель
английский,русский,delusional,бредовый
английский,русский,inevitable,неизбежный
английский,русский,flourish,процветать
английский,русский,thriving,процветающий
английский,русский,shuffle,шарканье
английский,русский,half-heartedly,нерешительно
английский,русский,impediment,препятствие
английский,русский,blank stares,пустые взгляды
английский,русский,blank stare,пустой взгляд
английский,русский,denominator,знаменатель
английский,русский,hamper,Хампера
английский,русский,cackles,хохочет
английский,русский,delight,восторг
английский,русский,crevice,расщелина
английский,русский,sneak in,красться
английский,русский,heap,куча
английский,русский,lurk around,прячутся
английский,русский,lurk,таиться
английский,русский,subtly,тонко
английский,русский,fallacy,ошибочность
английский,русский,commute,ездить
английский,русский,grinding,шлифовка
английский,русский,perishable,скоропортящийся
английский,русский,apprehend,предчувствовать
английский,русский,comprehend,постигать
английский,русский,spatial,пространственный
английский,русский,mundane,мирской
английский,русский,compulsory,обязательное
английский,русский,reap,пожинать
английский,русский,alleviate,смягчать
английский,русский,ringleader,главарь
английский,русский,ambush,засада
английский,русский,exacerbate,усугубить
английский,русский,neglect,пренебрежение
английский,русский,stem the bleeding,остановить кровотечение
английский,русский,nimble,проворный
английский,русский,stove,плита
английский,русский,thrive,процветать
английский,русский,devastating,опустошая
английский,русский,snazzy,броский
английский,русский,grief,горе
английский,русский,"“out of sight, out of mind”","""С глаз долой, из сердца вон"""
английский,русский,persuasive,убедительный
английский,русский,pervasive,распространяющийся
английский,русский,conflate,объединять
английский,русский,vanity,тщеславие
английский,русский,loosely coupled,слабо связанный
английский,русский,meek,кроткий
английский,русский,commiseration,соболезнование
английский,русский,ponder,вдумайтесь
английский,русский,dodge,изворачиваться
английский,русский,chuckle,посмеиваться
английский,русский,cognitive bias,Когнитивное искажение
английский,русский,drain,сливной
английский,русский,abrupt,крутой
английский,русский,pit,яма
английский,русский,ruthless,беспощадный
английский,русский,cereal,зерновой
английский,русский,clobbered,затираемых
английский,русский,admonish,увещевать
английский,русский,camouflage,камуфляж
английский,русский,disguising,маскировка
английский,русский,wreak,сеять
английский,русский,wreak havoc,сеять хаос
английский,русский,arbitrary,произвольный
английский,русский,substantial,существенный
английский,русский,mock,издеваться
английский,русский,cackle,кудахтать
английский,русский,capitalize on,зарабатывать на
английский,русский,retrofit,модифицировать
английский,русский,gauge,калибр
английский,русский,elongate,удлиненный
английский,русский,juggle,жонглировать
английский,русский,grumble,ворчать
английский,русский,congregate,скопляться
английский,русский,terrified,ужас
английский,русский,shook,встряхнул
английский,русский,voice shook,голос дрогнул
английский,русский,pounding,удары
английский,русский,freight,грузовой
английский,русский,snappy,быстро
английский,русский,to hog,боров
английский,русский,mere,простой
английский,русский,dreadfully,ужасно
английский,русский,musings,размышления
английский,русский,rants,тирады
английский,русский,incite,подстрекают
английский,русский,visceral,висцеральный
английский,русский,jeopardize,подвергать опасности
английский,русский,deceptive,обманчивый
английский,русский,incentivize,стимулировать
английский,русский,begrudgingly,завистливо
английский,русский,garish,показной
английский,русский,cringing,низкопоклонство
английский,русский,veer off,отклоняться от курса
английский,русский,deduce,Выведите
русский,английский,Эпита́фия,Epitaph
русский,английский,патетический,pathetic
русский,английский,Схоластика,Scholasticism
русский,английский,Эста́мп,Print
русский,английский,Субре́тка,Soubrette
русский,английский,Капелла,Chapel
русский,английский,Фискал,Fiscal
русский,английский,Фолиант,Folio
русский,английский,Ипохондрия,Hypochondria
русский,английский,Фортель,Fortel
русский,английский,Антреприза,Entreprise
русский,английский,Метафизика,Metaphysics
русский,английский,ТЕОЛÓГИЯ,Theology
русский,английский,Credo quia absurdum,Creed quia absurdum
латинский,английский,Credo quia absurdum,I believe because it is absurd
английский,русский,ranting,разглагольствовать
английский,русский,barrage,заграждение
английский,русский,siphon,сифон
английский,русский,entropy,энтропия
английский,русский,plenty,много
английский,русский,designation,обозначение
английский,русский,assertive,утвердительный
английский,русский,delinquency,просрочка
английский,русский,blended,смешанный
английский,русский,debts,долги
английский,русский,astonishing,удивительный
английский,русский,spectacular,захватывающий
английский,русский,parental,родительский
английский,русский,impasse,тупик
английский,русский,levers,рычаги
английский,русский,tweak,твик
английский,русский,twist,скрутить
английский,русский,eludes,ускользает
английский,русский,cringe,пресмыкаться
английский,русский,glaze,глазурь
английский,русский,pastures,пастбища
английский,русский,wreck,развалина
английский,русский,wreckage,обломки судна
английский,русский,circumvents,обходит
английский,русский,rant,декламация
английский,русский,mutters,бормочет
английский,русский,complacency,самодовольство
английский,русский,attrition,истирание
английский,русский,yawn,зевать
английский,русский,empathize,сопереживать
английский,русский,breed,разводить
английский,русский,Mining,Добыча полезных ископаемых
английский,русский,convey,передавать
английский,русский,disperse,рассеивать
английский,русский,objection,возражение
английский,русский,playing devil advocate,играет адвокат дьявола
русский,английский,сумбур,welter
английский,русский,hang tight,держать крепко
английский,русский,forfeit,неустойка
английский,русский,incentive,стимул
английский,русский,post-mortem,посмертный
английский,русский,concession,концессия
английский,русский,carved out,вырезанный
английский,русский,caveat,предостережение
английский,русский,singularity,особенность
английский,русский,begging you,Умоляю тебя
английский,русский,proposition,предложение
английский,русский,incumbent,возложенный
английский,русский,hindering,задерживающей
английский,русский,gratification,удовлетворение
английский,русский,claim,Запрос
английский,русский,slog,сильный удар
английский,русский,suction,всасывающий
английский,русский,plunger,поршень
английский,русский,tug,гуж
английский,русский,slam,хлопать
английский,русский,briefcase,портфель
английский,русский,outwit,перехитрить
английский,русский,virtue,добродетель
английский,русский,slip,слип
английский,русский,tight space,ограниченное пространство
английский,русский,grate,решетка
английский,русский,vents,вентиляционные отверстия
английский,русский,malleable,податливый
английский,русский,ominous,угрожающий
английский,русский,heritage,наследие
английский,русский,furious,яростный
английский,русский,grieve,Скорбный
английский,русский,snore,храп
английский,русский,obstructive,обструктивный
русский,английский,шланг,hose
английский,русский,inhale,вдох
английский,русский,outbreak,вспышка
английский,русский,toil,маяться
английский,русский,hurdle,препятствие
английский,русский,swivel chair,вращающийся стул
английский,русский,imperative,императив
английский,русский,sluggish,медлительный
английский,русский,hectic,беспокойный
английский,русский,bridle,уздечка
английский,русский,sagacity,проницательность
английский,русский,dignify,величать
английский,русский,naughty,непослушный
русский,английский,прикладной,applied
английский,русский,commerce,коммерция
английский,русский,wasteland,пустошь
английский,русский,obscure,затенить
английский,русский,crag,утес
английский,русский,coat of arms,герб
английский,русский,blazon,прославление
английский,русский,steep cliff,крутой обрыв
английский,русский,steep,крутой
английский,русский,bond,связь
английский,русский,mediocrity,посредственность
итальянский,русский,delude,разочаровывает
английский,английский,divestiture,divestiture
английский,русский,divestiture,лишение прав
английский,русский,evocative,вызывающий воспоминания
английский,русский,well-seasoned,хорошо выдержанный
английский,русский,commodity,товар
английский,русский,The tribal nature of IT,Племенная природа ИТ
английский,русский,entrenches practitioners,укрепляет практикующих
английский,русский,the myriad conflicting challenges,множество противоречивых проблем
английский,русский,step through a watershed epoch,шаг через эпоху водораздела
английский,русский,humility,смирение
английский,русский,allowing such candor,позволяя такую ​​искренность
английский,русский,peculiarities,особенности
английский,русский,indulge,предаваться
английский,русский,inadvertently,ненароком
английский,русский,goofy,бестолковый
английский,русский,Quotient,частное
английский,русский,clunky,неуклюжим
английский,русский,valve,клапан
английский,русский,density,плотность
английский,русский,unanimous,единодушное
английский,русский,ostensibly,якобы
английский,русский,paint stroke,мазок
английский,русский,stroke,Инсульт
английский,русский,containment,политика сдерживания
английский,русский,compeling,неотразимый
английский,русский,infectious,инфекционный
английский,русский,upending,выпрямления
английский,русский,staggered shifts,ступенчатые смены
английский,русский,triage,сортировка
английский,русский,pledged up,залог
английский,русский,aversion,антипатия
английский,русский,authentic,аутентичный
английский,русский,intimate,интимный
английский,русский,anxiety,тревожность
английский,русский,utensils,принадлежность
английский,русский,repertoer,репертуар
английский,русский,staples,скрепок
английский,русский,equities,Фондовые рынки
английский,русский,reinvigorated,активизировал
английский,русский,unprecedented,беспрецедентный
английский,русский,permutations,перестановки
английский,русский,get embedded,врезаться
английский,русский,embed,встраивать
английский,русский,Caveats,Предостережения
английский,русский,bragging,хвастовство
английский,русский,mortgage,ипотечный кредит
английский,русский,emerge,всплывать
английский,русский,steward,стюард
английский,русский,octal,восьмеричный
английский,русский,elevated privileges,повышенные привилегии
английский,русский,vigilant,бдительный
английский,русский,bearing,подшипник
английский,русский,axle,ось
английский,русский,skewer,вертел
английский,русский,cast eyes over,бросить взгляд
английский,английский,superfluous,superfluous
английский,русский,condolences,соболезнование
английский,русский,banter,подшучивать
английский,русский,umpteenth,энный
английский,русский,notion,понятие
английский,русский,motion,движение
английский,русский,Disintermediation,освобождение от посредников
английский,русский,Intermediation,Посредничество
английский,русский,Resilient,жизнерадостный
английский,русский,prescribe,предписать
английский,русский,fame,известность
английский,русский,slurp,чавкать
английский,русский,safe and sound,целый и невредимый
английский,русский,flick,фильм
английский,русский,deprive,лишай
английский,русский,wander,блуждать
английский,русский,seagull,чайка
английский,русский,squeal,визг
английский,русский,feast,праздник
английский,русский,moan,стон
английский,русский,grunt,хрюкать
английский,русский,revelation,открытие
английский,русский,creaking,скрипучий
английский,русский,groan,стон
английский,русский,paw,лапа
английский,русский,pawn,пешка
английский,русский,booze,выпивка
английский,русский,sobbing,рыдания
английский,русский,boasting,хвастовство
английский,русский,confine,Confine
английский,русский,creak,скрип
английский,русский,calves,телята
английский,русский,cresting,перехлест
английский,русский,effusions,выпот
английский,русский,perfidious,вероломный
английский,русский,forehead,лоб
английский,русский,hedgehog,еж
английский,русский,misfortune,несчастье
английский,русский,giggle,хихикать
английский,русский,torment,мучение
английский,русский,exhale,выдыхать
английский,русский,puberty,половая зрелость
английский,русский,ogling,глазея
английский,русский,rattle,погремушка
английский,русский,flip,кувырок
английский,русский,shovel,лопата
английский,русский,coy,застенчивый
английский,русский,disgust,отвращение
английский,русский,cradle,колыбель
английский,русский,hearth,топка
английский,русский,mourn,сетовать
английский,русский,devour,пожирать
английский,русский,clamors,clamors
английский,русский,solstice,солнцестояние
английский,русский,slits,щели
английский,русский,naught,ноль
английский,русский,mow the lawn,косить газон
английский,русский,wailing,плач
английский,русский,eavesdropping,подслушивание
английский,русский,scoffs,издевается
английский,русский,thrilled,взволнованный
английский,русский,straining,деформирование
английский,русский,exile,ссыльный
английский,русский,downfall,крушение
английский,русский,flattering,льстить
английский,русский,intimidating,пугающим
английский,русский,grappling,шлюпочный
английский,русский,leisurely,неторопливый
английский,русский,hassle,стычка
английский,русский,bummer,лентяй
английский,русский,bride,невеста
английский,русский,sepulcher,гробница
английский,русский,shivering,Дрожание
английский,русский,gullible,легковерный
английский,русский,devastated,опустошенный
английский,русский,clumsy,топорный
английский,русский,brush,щетка
английский,русский,ferocious,свирепый
английский,русский,eternity,вечность
английский,русский,catwalk,подиум
английский,русский,strain,напряжение
английский,русский,dormant,бездействующий
английский,русский,biased,пристрастный
английский,русский,pancreas,поджелудочная железа
английский,русский,burp,отрыжка
английский,русский,intestine,кишка
английский,русский,plague,чума
английский,русский,shrine,святыня
английский,русский,pompous,напыщенный
английский,русский,negligence,небрежность
английский,русский,revolve,вращаться
английский,русский,you are gross,ты грубый
английский,русский,sanest,здравомыслящий
английский,русский,spout,носик
английский,русский,spout off,извергать
английский,русский,dark matter,темная материя
английский,русский,abductions,похищения
английский,русский,scam,мошенничество
английский,русский,fraud,мошенничество
английский,русский,fabled,придуманный
английский,русский,whimsical,капризный
английский,русский,heckling,внезапные перебивки
английский,русский,choking up,задыхаясь
английский,русский,mediocre,посредственный
английский,русский,thorn,колючка
английский,русский,rodent,грызун
английский,русский,turquoise,бирюзовый
английский,русский,custody,опека
английский,русский,crayons,мелки
английский,русский,brew,заваривать
английский,русский,solar,солнечный
английский,русский,disparage,принижать
английский,русский,differently abled,по-разному
английский,русский,preposterous,нелепый
английский,русский,surveillance,наблюдение
английский,русский,prowess,доблесть
английский,русский,outburst,взрыв
английский,русский,deductible,подлежащий вычету
английский,русский,pickles,соленья
английский,русский,celestial,астрономический
английский,русский,dwarf,карликовый
английский,русский,humbling,уничижительный
английский,русский,howl,вой
английский,русский,loafers,мокасины
английский,русский,mildew,милдью
английский,русский,shatter,разбиться
английский,русский,shards,осколки
английский,русский,shard,осколок
английский,русский,bribe,взятка
английский,русский,fickle,непостоянный
английский,русский,oblivion,забвение
английский,русский,oath,присяга
английский,русский,venison,оленина
английский,русский,crate,клеть
английский,русский,burlap,брезент
английский,русский,burlap sack,мешковина
английский,русский,turd,дристун
английский,русский,collar,воротник
английский,русский,obstinate,упрямый
английский,русский,omniscient,всеведущий
английский,русский,vestigial,рудиментарный
английский,русский,nuances,нюансы
английский,русский,petty,мелкий
английский,русский,tee up,тройник
английский,русский,latch,защелка
английский,русский,cabbage patch,капустное поле
английский,русский,aisle,придел
английский,русский,homophobic,гомофоб
английский,русский,limbs,конечности
английский,русский,shady,сомнительный
английский,русский,persian,перс
английский,русский,thrash,молотить
английский,русский,patronized,покровительствовал
английский,русский,tint,оттенок
английский,русский,birdie,птичка
английский,русский,beacons,маяки
английский,русский,barf,блевать
английский,русский,weed,сорняк
английский,русский,whack,сильный удар
английский,русский,patois,местный говор
английский,русский,glider,планер
английский,русский,bruise,синяк
английский,русский,dabble,плескаться
английский,русский,pledge,залог
английский,русский,captivity,неволя
английский,русский,debris,мусор
английский,русский,posterior,задний
английский,русский,Crude,сырой
английский,русский,condense,конденсироваться
английский,русский,keystone,замковый камень
французский,русский,apprenti,подмастерье
английский,русский,swimmingly,без помех
английский,русский,strike a chord,зацепить за живое
английский,русский,mock up,макет
английский,русский,reimburse,возмещать
английский,русский,stance,позиция
английский,русский,heuristics,эвристика
английский,русский,perseverance,настойчивость
английский,русский,endurance,выносливость
английский,русский,dozens,десятки
английский,русский,stubborn,упрямый
английский,русский,stranded,застрявший
английский,русский,seamless,бесшовные
русский,английский,солидарность,solidarity
